<?xml version="1.0" encoding="UTF-8"?>
<project-private xmlns="http://www.netbeans.org/ns/project-private/1">
    <editor-bookmarks xmlns="http://www.netbeans.org/ns/editor-bookmarks/2" lastBookmarkId="0"/>
    <open-files xmlns="http://www.netbeans.org/ns/projectui-open-files/2">
        <group>
            <file>file:/U:/HotelManagementSystem/src/hotelmanagementsystem/CustomerFrame.java</file>
            <file>file:/U:/HotelManagementSystem/src/hotelmanagementsystem/MembershipFrame.java</file>
            <file>file:/U:/HotelManagementSystem/src/hotelmanagementsystem/HotelFrame.java</file>
            <file>file:/U:/HotelManagementSystem/src/hotelmanagementsystem/RoomFrame.java</file>
            <file>file:/U:/HotelManagementSystem/src/hotelmanagementsystem/WelcomePage.java</file>
            <file>file:/U:/HotelManagementSystem/src/hotelmanagementsystem/BookingFrame.java</file>
        </group>
    </open-files>
</project-private>
